<?xml version="1.0" encoding="windows-1252"?>
<Collection name="Calendar" guid="{4BF1644C-5B12-40AE-BE1E-86A1F7B4CD22}" system="No" updatable="Yes" blockNavigatorNode="No">
	<HelpLink></HelpLink>
	<Help></Help>
	<Addon name="Calendar" guid="{59EB8CBD-0F98-4D3C-A632-1A96E2DDB745}" type="Add-on">
		<Copy></Copy>
		<CopyText></CopyText>
		<ActiveXProgramID><![CDATA[aoCalendar.CalendarClass]]></ActiveXProgramID>
		<DotNetClass></DotNetClass>
		<ArgumentList><![CDATA[CalendarName
Calendar List=[List(Calendars)]checkbox]]></ArgumentList>
		<AsAjax>No</AsAjax>
		<Filter>No</Filter>
		<Help><![CDATA[Visit http://support.contensive.com for more information]]></Help>
		<HelpLink><![CDATA[http://www.Contensive.com]]></HelpLink>
		<Icon Link="" width="0" height="0" sprites="0" />
		<InIframe>No</InIframe>
		<BlockEditTools>No</BlockEditTools>
		<FormXML></FormXML>
		<IsInline>No</IsInline>
		<JavascriptOnLoad></JavascriptOnLoad>
		<JavascriptInHead></JavascriptInHead>
		<JavascriptBodyEnd></JavascriptBodyEnd>
		<MetaDescription></MetaDescription>
		<OtherHeadTags></OtherHeadTags>
		<Content>Yes</Content>
		<Template>No</Template>
		<Email>No</Email>
		<Admin>No</Admin>
		<OnPageEndEvent>No</OnPageEndEvent>
		<OnPageStartEvent>No</OnPageStartEvent>
		<OnBodyStart>No</OnBodyStart>
		<OnBodyEnd>No</OnBodyEnd>
		<RemoteMethod>No</RemoteMethod>
		<ProcessRunOnce>No</ProcessRunOnce>
		<ProcessInterval>0</ProcessInterval>
		<PageTitle></PageTitle>
		<RemoteAssetLink></RemoteAssetLink>
		<Styles><![CDATA[.calendarCon {}
.calendarCon div,.calendarCon p,.calendarCon td {
    font-family: arial,verdana,sans-serif;
    font-size: 12px;
    line-height: 12px;
}

.calendarCon .CalendarTable {}
.calendarCon .CalendarDayRow {}
.calendarCon .CalendarCellBlank {}
.calendarCon .CalendarCellRow {}
.calendarCon .CalendarRowSelect {}
.calendarCon .CalendarCell {}

.calendarCon .calTabs {
	height:30px;
}
.calendarCon .calTab {
	width: 100px;
	height:30px;
	float: left;
	background-color: #E0E0E0;
	vertical-align: center;
	line-height: 30px;
	margin: 0 1px 0 0;
	text-align: center;
	border-top: 1px solid #F8F8F8;
	border-left: 1px solid #F8F8F8;
	border-right: 1px solid #808080;
}
.calendarCon a.CalendarEventLink{
	display:block;
}

.calendarCon td.CalendarMonthEventLink{
	padding: 0 5px 5px 5px;
}
.calendarCon td.CalendarMonthEventLink a.CalendarEventLink{
	display:block;
	padding: 10px 0 0 0;
}
CalendarMonthEventLink

.calendarCon .CalendarEventLink{
}
.calendarCon .CalendarHeaderActive{
	color: #000000; 
	font-weight: bold;
}
.calendarCon .CalendarHeaderInActive{
	color: #000000
}
.calendarCon .CalendarDay{
	background-color: #E0E0E0; 
	color: #000000
}
.calendarCon .CalendarDates{
	color: #222; 
	}
.calendarCon td.CalendarDates{
	background-color: #E0E0E0; 
	padding:3px;
	}
.calendarCon .CalendarDates:hover{
	color: #eee; 
	background-color: #222; 
	}
.calendarCon .CalendarDates a,.calendarCon .CalendarDates a:visited{
	color: #222; 
	background-color: transparent; 
	text-decoration: none;
	}
.calendarCon .CalendarDates a:hover{
	color: #222; 
	background-color: transparent; 
	text-decoration: none;
	}
.calendarCon .CalendarDates .CalendarActiveDate{
	font-weight: bold;
	}
.calendarCon .CalendarMonthHeader{
	background-color: #E0E0E0;
	}
.calendarCon .CalendarMonthName{
	background-color: #E0E0E0;
	}
.calendarCon A.CalendarMonthName{
	color: #000000; 
	font-weight: bold;
	}
.calendarCon .CalendarDayHeader{
	color: #000000; 
	font-weight: bold;
	}
.calendarCon .calSelectContainer{
	float:left;
	}
.calendarCon .selectLeft{
	float:left; 
	padding-bottom:-10px;
	}
.calendarCon .selectRight{
	float:left; 
	padding:0px 10px 0px 0px;
	}
.calendarCon .calButtonContainer{
	padding:5px 0px 10px 0px; 
	clear:both;
	}
.calendarCon .calFormCaption{
	margin:10px 0px 0px 0px;
	}
.calendarCon #calFormButtons{
	margin:10px 0px 0px 0px;
	}
.calendarCon .calFormSection{
	font-weight:bold;
	border-bottom:1px solid #6d6d6d;
	margin:10px 0px 0px 0px;
	}
.calendarCon .detailCaption { width:120px }
.calendarCon .detailData {}
.calendarCon .detailCon{ padding:20px }





]]></Styles>
		<Scripting Language="" EntryPoint="" Timeout="5000">
			<Code><![CDATA[Function setLocation()
  Dim s
  if instr( 1, ccLib.serverlink, ccLib.SiteProperty_AdminURL, 1 ) = 0 then
    s = ccLib.GetSiteProperty( "Event Calendar Link", "" )
    if s = "" then
      s = ccLib.ServerLink
      call ccLib.SetSiteProperty( "Event Calendar Link", ccLib.serverlink )
    end if
  end if
end Function]]></Code>
		</Scripting>
	</Addon>
	<Addon name="Calendar Conditioner" guid="{108F995C-2123-4EAE-84DF-D42A931F073B}" type="Add-on">
		<Copy></Copy>
		<CopyText></CopyText>
		<ActiveXProgramID><![CDATA[aoCalendar.conditionerClass]]></ActiveXProgramID>
		<DotNetClass></DotNetClass>
		<ArgumentList></ArgumentList>
		<AsAjax>No</AsAjax>
		<Filter>No</Filter>
		<Help><![CDATA[<p>This add-on creates repeating events within the calendar.</p><p>This add-on is executed every 24 hours and each time a Calendar Event is saved the contains a repeated event or is part of a series.</p>]]></Help>
		<HelpLink></HelpLink>
		<Icon Link="" width="0" height="0" sprites="0" />
		<InIframe>No</InIframe>
		<BlockEditTools>No</BlockEditTools>
		<FormXML></FormXML>
		<IsInline>No</IsInline>
		<JavascriptOnLoad></JavascriptOnLoad>
		<JavascriptInHead></JavascriptInHead>
		<JavascriptBodyEnd></JavascriptBodyEnd>
		<MetaDescription></MetaDescription>
		<OtherHeadTags></OtherHeadTags>
		<Content>No</Content>
		<Template>No</Template>
		<Email>No</Email>
		<Admin>No</Admin>
		<OnPageEndEvent>No</OnPageEndEvent>
		<OnPageStartEvent>No</OnPageStartEvent>
		<OnBodyStart>No</OnBodyStart>
		<OnBodyEnd>No</OnBodyEnd>
		<RemoteMethod>No</RemoteMethod>
		<ProcessRunOnce>No</ProcessRunOnce>
		<ProcessInterval>1440</ProcessInterval>
		<PageTitle></PageTitle>
		<RemoteAssetLink></RemoteAssetLink>
		<Styles></Styles>
		<Scripting Language="" EntryPoint="" Timeout="5000"/>
	</Addon>
	<Addon name="Quick Calendar" guid="{2D88C43E-27FD-4194-982F-CA96CF5FD49E}" type="Add-on">
		<Copy></Copy>
		<CopyText></CopyText>
		<ActiveXProgramID></ActiveXProgramID>
		<DotNetClass></DotNetClass>
		<ArgumentList><![CDATA[Event Calendar=[All Calendars:0|listid(calendars)]
Records To Display
Show Event Details=[yes]checkbox]]></ArgumentList>
		<AsAjax>No</AsAjax>
		<Filter>No</Filter>
		<Help></Help>
		<HelpLink></HelpLink>
		<Icon Link="" width="0" height="0" sprites="0" />
		<InIframe>No</InIframe>
		<BlockEditTools>No</BlockEditTools>
		<FormXML></FormXML>
		<IncludeAddon name="jQuery Corners" guid="{7EBCAE49-027E-4D7D-A3CA-300D6630012C}"/>
		<IncludeAddon name="JQuery" guid="{9C882078-0DAC-48E3-AD4B-CF2AA230DF80}"/>
		<IsInline>No</IsInline>
		<JavascriptOnLoad></JavascriptOnLoad>
		<JavascriptInHead><![CDATA[$(document).ready(function(){
    $('.boxTitle-Events').corner('Top','5px');
    $('.boxFooter-Events').corner('bottom','5px');
    $('.dateContainer').corner('5px');
});]]></JavascriptInHead>
		<JavascriptBodyEnd></JavascriptBodyEnd>
		<MetaDescription></MetaDescription>
		<OtherHeadTags></OtherHeadTags>
		<Content>Yes</Content>
		<Template>Yes</Template>
		<Email>No</Email>
		<Admin>No</Admin>
		<OnPageEndEvent>No</OnPageEndEvent>
		<OnPageStartEvent>No</OnPageStartEvent>
		<OnBodyStart>No</OnBodyStart>
		<OnBodyEnd>No</OnBodyEnd>
		<RemoteMethod>No</RemoteMethod>
		<ProcessRunOnce>No</ProcessRunOnce>
		<ProcessInterval>0</ProcessInterval>
		<PageTitle></PageTitle>
		<RemoteAssetLink></RemoteAssetLink>
		<Styles><![CDATA[
.quickCalendarWrapper{
	width:190px;
	margin:20px 5px 10px 5px;
}
.boxTitle-upcomingEvents{
	background-color: #000000;
	padding: 5px 0px 5px 10px;
	color: #FFFFFF;
	font-size: 17px;
}
.boxFooter-upcomingEvents{
	background-color: #000000;
	padding: 4px;
}
.boxContent-upcomingEvents{
	border-right: 1px solid #000000;
	border-left: 1px solid #000000;
	padding: 10px;
	background: #ffffff;
}
.eventRow{
	border-spacing:0px;
	width:100%;
	padding-bottom:5px;
	margin-bottom:5px;
	border-bottom:1px solid #000000;
}
.eventRowLeft{
	vertical-align:top;
	width:150px;
	padding-right:10px;
}
.eventRowRight{
	vertical-align:top;
	width:99%;
}
.eventRowRight h1{
	color:#000000;
	font-size:16px;
	font-weight:bold;
}
.monthContainer{
	color:#FFFFFF;
	text-align:center;
	font-size:16px;
}
.dayContainer{
	color:#FFFFFF;
	text-align:center;
	font-size:24px;
}
.dateContainer{
	background-color:#000000;
	padding:5px;
	width:50px;
}
.eventlinks a{
	color:#000000;
	font-weight:bold;
	font-size:10px;
}
h1.eventname{
	margin:0px 0px 5px 0px;
	font-size:13px;
}]]></Styles>
		<Scripting Language="VBScript" EntryPoint="getContent" Timeout="5000">
			<Code><![CDATA[function getContent

	Dim stream
	dim cs
	dim eventLink
	dim eventID
	dim startDate
	Dim recPerPage
	Dim recordCount
	Dim externalLink
	dim calendarId
	dim criteria
	dim sql
	dim showDetails
	dim lastEventId
	dim eventName
	dim RequestLink
	dim isEditing
	dim cell
	'	
	stream = ""
	cp.site.testpoint( "Quick Calendar" )
	recPerPage = cp.utils.encodeInteger(cp.doc.var("Records To Display"))
	calendarId = cp.utils.encodeInteger(cp.doc.var("Event Calendar"))
	showEvents = cp.utils.encodeBoolean( cp.doc.var( "Show Event Details" ))
	isEditing = cp.user.isEditing( "Calendar Events" )
	if showEvents Then
		eventId = cp.utils.encodeInteger( cp.doc.var( "evtid" ))
		if cp.doc.refreshQueryString = "" then
			eventLink = eventLink & "?e=1"
		else
			eventLink = "?" & cp.doc.refreshQueryString
		end if
	else
		eventId = 0
		eventLink = ccLib.GetSiteProperty("Event Calendar Link", "/Calendar")
		if instr( 1, eventLink, "?", 1 )=0 then
			eventLink = eventLink & "?e=1"
		end if
	end if
	if recPerPage = 0 then
		recPerPage = 5
	end if
	'
	cp.site.testpoint( "" _
		& "calendarId=" & calendarId _
		& ", show Events=" & showEvents _
		& ", records to display=" & recPerPage _
		& ", eventId=" & eventId _
		& ", eventLink=" & eventLink )
	'
	if eventId<>0 then
		set cs = cp.csNew()
		call cs.open("Calendar Events", "ID=" & cp.db.encodeSqlNumber(cDbl(eventID)))
		if not cs.ok() then
			stream = stream & "<span class=""ccError"">The selected event is currently unavailable</span>"
		Else
			eventName = cs.getText( "Name")
			If eventName = "" Then
            			eventName = "Event " & eventID
			End If
			stream = stream _
				& cp.site.getProperty("BREADCRUMBPREFIX", "return to") _
				& " <a href=""" & eventLink & """>List of Upcoming Events</a><br /><br />"
			stream = stream & cs.getEditLink
        		stream = stream & "<b>Event Name:</b> " & eventName & "<br />"
        		stream = stream & "<b>Start Date:</b> " & cs.getText( "StartDate") & "<br />"
        		stream = stream & "<b>End Date:</b> " & cs.getText( "EndDate") & "<br /><br />"
        		stream = stream & cs.getText( "copyFileName")
		End If
		Call cs.close()
	else
		recordCount = 1
		criteria = "" _
			& "((e.endDate is null)and(e.startDate>=" & cp.db.encodeSqlDate(Date) & "))" _
			& "or(e.endDate>=" & cp.db.encodeSqlDate(Date) & ")"
		if calendarId<>0 then
			criteria = criteria & "and(r.calendarId=" & calendarId & ")"
		end if
		sql = "" _
			& " select e.*" _
			& " from ccCalendarEvents e" _
			& " left join ccCalendarEventRules r on r.CalendarEventID=e.id" _
			& " where " & criteria _
			& " order by e.startDate"
		cp.site.testpoint( "sql=" & sql )
		set cs = cp.csNew()
		call cs.openSql( sql )
		if cs.ok then
			lastEventId = 0
			do while cs.ok and (recordCount<=recPerPage)
				cell = ""
				eventID = cs.getInteger("ID")
				if eventId <> lastEventId then
					startDate = cs.getDate("startDate")
					externalLink = cs.getText("EventLink")
					eventName = cs.getText("Name") 
					if isEditing then
						eventName = cs.getEditLink() & eventName
					end if
					cell = cell & vbcrlf & vbtab & "<td class=""eventRowLeft"">"
					cell = cell & indent( getDateContiner(startDate))
					cell = cell & vbcrlf & vbtab & "</td>"
					cell = cell & vbcrlf & vbtab & "<td class=""eventRowRight"">"
					cell = cell & vbcrlf & vbtab & vbtab & "<h1 class=""eventname"">" & eventName & "</h1>"
					cell = cell & vbcrlf & vbtab & vbtab & "<p class=""eventlinks"">"
					if externalLink <> "" then
						cell = cell & "<a target=""_blank"" href=""" & externalLink  & """>"
					else
						cell = cell & "<a href=""" & eventLink & "&tb=4&targetdate=" & startDate & "&evtid=" & eventID & "&returntb=0"">"						
					end if
					cell = cell & "Learn More &gt;&gt;</a>"
					cell = cell & "</p>"
					cell = cell & vbcrlf & vbtab & "</td>"
					cell = "" _
						& vbcrlf & vbtab & "<tr>" _
						& indent(cell) _
						& vbcrlf & vbtab & "</tr>" _
						& ""
					cell = "" _
						& vbcrlf & vbtab & "<table class=""eventRow"">" _
						& indent(cell) _
						& vbcrlf & vbtab & "</table>" _
						& ""
				end if
				lastEventId = eventId
				stream = stream & cell
				Call cs.goNext()
				recordCount = recordCount + 1
			Loop
		else
			stream = stream & "<span class=""ccError"">there are currently no events.</span>"
		end if
		if isEditing Then
			stream = stream & "<div>" & cp.content.getAddLink("Calendar Events","calendarId=" & calendarId,false,isEditing) & "</div>"
		end if
		Call cs.close()
	end if
	stream = "" _
		& vbcrlf & vbtab & "<div class=""boxContent-upcomingEvents"">" _
		& indent( stream ) _
		& vbcrlf & vbtab & "</div>"
	stream = "" _
		& vbcrlf & vbtab & "<div class=""boxTitle-upcomingEvents"">Upcoming Events</div>" _
		& indent( stream ) _
		& vbcrlf & vbtab & "<div class=""boxFooter-upcomingEvents"">&nbsp;</div>"
	getContent = stream

end function

function getDateContiner(startDate)

	dim stream

	stream = "<div class=""dateContainer"">"
	stream = stream & "<div class=""monthContainer"">" & Left(MonthName(Month(startDate)), 3) & "</div>"
	stream = stream & "<div class=""dayContainer"">" & day(startDate) & "</div>"
	stream = stream & "</div>"

	getDateContiner = stream

end function

function indent( source )
	indent = replace( source, vbcrlf & vbtab, vbcrlf & vbtab & vbtab )
end function






]]></Code>
		</Scripting>
	</Addon>
	<CDef Name="Calendar Event Rules" Active="1" AdminOnly="0" AllowAdd="1" AllowCalendarEvents="0" AllowContentChildTool="0" AllowContentTracking="0" AllowDelete="1" AllowMetaContent="0" AllowTopicRules="0" AllowWorkflowAuthoring="0" AuthoringDataSourceName="Default" AuthoringTableName="ccCalendarEventRules" ContentDataSourceName="Default" ContentTableName="ccCalendarEventRules" DefaultSortMethod="By Name" DeveloperOnly="0" DropDownFieldList="NAME" EditorGroupName="" Parent="" IconLink="" IconHeight="0" IconWidth="0" IconSprites="0" isbasecontent="0" guid="{BE5DAA55-1E64-457E-9B1B-4B41C2A99E35}" >
		<Field Name="Name" active="True" AdminOnly="False" Authorable="True" Caption="Name" DeveloperOnly="False" EditSortPriority="110" FieldType="Text" HTMLContent="False" IndexColumn="0" IndexSortDirection="" IndexSortOrder="0" IndexWidth="0" RedirectID="0" RedirectPath="" Required="False" TextBuffered="False" UniqueName="False" DefaultValue="" RSSTitle="False" RSSDescription="False" MemberSelectGroupID="0" EditTab="" Scramble="False" LookupList="" NotEditable="False" Password="False" ReadOnly="False" ManyToManyRulePrimaryField="" ManyToManyRuleSecondaryField="" IsModified="False" IsBaseField="False" LookupContent="" RedirectContent="" ManyToManyContent="" ManyToManyRuleContent="" ></Field>
		<Field Name="Active" active="True" AdminOnly="False" Authorable="True" Caption="Active" DeveloperOnly="False" EditSortPriority="200" FieldType="Boolean" HTMLContent="False" IndexColumn="0" IndexSortDirection="" IndexSortOrder="0" IndexWidth="0" RedirectID="0" RedirectPath="" Required="False" TextBuffered="False" UniqueName="False" DefaultValue="1" RSSTitle="False" RSSDescription="False" MemberSelectGroupID="0" EditTab="" Scramble="False" LookupList="" NotEditable="False" Password="False" ReadOnly="False" ManyToManyRulePrimaryField="" ManyToManyRuleSecondaryField="" IsModified="False" IsBaseField="False" LookupContent="" RedirectContent="" ManyToManyContent="" ManyToManyRuleContent="" ></Field>
		<Field Name="SortOrder" active="True" AdminOnly="False" Authorable="False" Caption="Alpha Sort Order" DeveloperOnly="False" EditSortPriority="2000" FieldType="Text" HTMLContent="False" IndexColumn="0" IndexSortDirection="" IndexSortOrder="0" IndexWidth="0" RedirectID="0" RedirectPath="" Required="False" TextBuffered="False" UniqueName="False" DefaultValue="" RSSTitle="False" RSSDescription="False" MemberSelectGroupID="0" EditTab="" Scramble="False" LookupList="" NotEditable="False" Password="False" ReadOnly="False" ManyToManyRulePrimaryField="" ManyToManyRuleSecondaryField="" IsModified="False" IsBaseField="False" LookupContent="" RedirectContent="" ManyToManyContent="" ManyToManyRuleContent="" ></Field>
		<Field Name="CalendarID" active="True" AdminOnly="False" Authorable="True" Caption="Calendar" DeveloperOnly="False" EditSortPriority="1000" FieldType="Lookup" HTMLContent="False" IndexColumn="0" IndexSortDirection="" IndexSortOrder="0" IndexWidth="50" RedirectID="" RedirectPath="" Required="False" TextBuffered="False" UniqueName="False" DefaultValue="" RSSTitle="False" RSSDescription="False" MemberSelectGroupID="0" EditTab="" Scramble="False" LookupList="" NotEditable="False" Password="False" ReadOnly="False" ManyToManyRulePrimaryField="" ManyToManyRuleSecondaryField="" IsModified="False" IsBaseField="False" LookupContent="Calendars" RedirectContent="" ManyToManyContent="" ManyToManyRuleContent="" ></Field>
		<Field Name="CalendarEventID" active="True" AdminOnly="False" Authorable="True" Caption="Calendar Event" DeveloperOnly="False" EditSortPriority="1010" FieldType="Lookup" HTMLContent="False" IndexColumn="1" IndexSortDirection="" IndexSortOrder="1" IndexWidth="50" RedirectID="" RedirectPath="" Required="False" TextBuffered="False" UniqueName="False" DefaultValue="" RSSTitle="False" RSSDescription="False" MemberSelectGroupID="0" EditTab="" Scramble="False" LookupList="" NotEditable="False" Password="False" ReadOnly="False" ManyToManyRulePrimaryField="" ManyToManyRuleSecondaryField="" IsModified="False" IsBaseField="False" LookupContent="Calendar Events" RedirectContent="" ManyToManyContent="" ManyToManyRuleContent="" ></Field>
	</CDef>
	<CDef Name="Calendar Events" Active="1" AdminOnly="0" AllowAdd="1" AllowCalendarEvents="0" AllowContentChildTool="0" AllowContentTracking="1" AllowDelete="1" AllowMetaContent="0" AllowTopicRules="0" AllowWorkflowAuthoring="0" AuthoringDataSourceName="Default" AuthoringTableName="ccCalendarEvents" ContentDataSourceName="Default" ContentTableName="ccCalendarEvents" DefaultSortMethod="By Name" DeveloperOnly="0" DropDownFieldList="NAME" EditorGroupName="" Parent="" IconLink="" IconHeight="0" IconWidth="0" IconSprites="0" isbasecontent="0" guid="{1FFE6451-E55A-4029-98F7-A05D857B2774}" >
		<Field Name="Name" active="True" AdminOnly="False" Authorable="True" Caption="Name" DeveloperOnly="False" EditSortPriority="1000" FieldType="Text" HTMLContent="False" IndexColumn="1" IndexSortDirection="" IndexSortOrder="1" IndexWidth="30" RedirectID="" RedirectPath="" Required="True" TextBuffered="False" UniqueName="False" DefaultValue="" RSSTitle="False" RSSDescription="False" MemberSelectGroupID="0" EditTab="" Scramble="False" LookupList="" NotEditable="False" Password="False" ReadOnly="False" ManyToManyRulePrimaryField="" ManyToManyRuleSecondaryField="" IsModified="False" IsBaseField="False" LookupContent="" RedirectContent="" ManyToManyContent="" ManyToManyRuleContent="" ></Field>
		<Field Name="Active" active="True" AdminOnly="False" Authorable="True" Caption="Active" DeveloperOnly="False" EditSortPriority="200" FieldType="Boolean" HTMLContent="False" IndexColumn="0" IndexSortDirection="" IndexSortOrder="0" IndexWidth="0" RedirectID="0" RedirectPath="" Required="False" TextBuffered="False" UniqueName="False" DefaultValue="1" RSSTitle="False" RSSDescription="False" MemberSelectGroupID="0" EditTab="" Scramble="False" LookupList="" NotEditable="False" Password="False" ReadOnly="False" ManyToManyRulePrimaryField="" ManyToManyRuleSecondaryField="" IsModified="False" IsBaseField="False" LookupContent="" RedirectContent="" ManyToManyContent="" ManyToManyRuleContent="" ></Field>
		<Field Name="SortOrder" active="True" AdminOnly="False" Authorable="False" Caption="Alpha Sort Order" DeveloperOnly="False" EditSortPriority="2000" FieldType="Text" HTMLContent="False" IndexColumn="0" IndexSortDirection="" IndexSortOrder="0" IndexWidth="0" RedirectID="0" RedirectPath="" Required="False" TextBuffered="False" UniqueName="False" DefaultValue="" RSSTitle="False" RSSDescription="False" MemberSelectGroupID="0" EditTab="" Scramble="False" LookupList="" NotEditable="False" Password="False" ReadOnly="False" ManyToManyRulePrimaryField="" ManyToManyRuleSecondaryField="" IsModified="False" IsBaseField="False" LookupContent="" RedirectContent="" ManyToManyContent="" ManyToManyRuleContent="" ></Field>
		<Field Name="Repeats" active="True" AdminOnly="False" Authorable="True" Caption="Repeats" DeveloperOnly="False" EditSortPriority="100" FieldType="Lookup" HTMLContent="False" IndexColumn="0" IndexSortDirection="" IndexSortOrder="0" IndexWidth="" RedirectID="" RedirectPath="" Required="False" TextBuffered="False" UniqueName="False" DefaultValue="" RSSTitle="False" RSSDescription="False" MemberSelectGroupID="0" EditTab="Recurring Event" Scramble="False" LookupList="Daily,Weekly,Monthly,Yearly" NotEditable="False" Password="False" ReadOnly="False" ManyToManyRulePrimaryField="" ManyToManyRuleSecondaryField="" IsModified="False" IsBaseField="False" LookupContent="" RedirectContent="" ManyToManyContent="" ManyToManyRuleContent="" ></Field>
		<Field Name="RepeatStart" active="True" AdminOnly="False" Authorable="True" Caption="Start" DeveloperOnly="False" EditSortPriority="150" FieldType="Date" HTMLContent="False" IndexColumn="0" IndexSortDirection="" IndexSortOrder="0" IndexWidth="" RedirectID="" RedirectPath="" Required="False" TextBuffered="False" UniqueName="False" DefaultValue="" RSSTitle="False" RSSDescription="False" MemberSelectGroupID="0" EditTab="Recurring Event" Scramble="False" LookupList="" NotEditable="False" Password="False" ReadOnly="False" ManyToManyRulePrimaryField="" ManyToManyRuleSecondaryField="" IsModified="False" IsBaseField="False" LookupContent="" RedirectContent="" ManyToManyContent="" ManyToManyRuleContent="" ></Field>
		<Field Name="RepeatEnd" active="True" AdminOnly="False" Authorable="True" Caption="End" DeveloperOnly="False" EditSortPriority="200" FieldType="Date" HTMLContent="False" IndexColumn="0" IndexSortDirection="" IndexSortOrder="0" IndexWidth="" RedirectID="" RedirectPath="" Required="False" TextBuffered="False" UniqueName="False" DefaultValue="" RSSTitle="False" RSSDescription="False" MemberSelectGroupID="0" EditTab="Recurring Event" Scramble="False" LookupList="" NotEditable="False" Password="False" ReadOnly="False" ManyToManyRulePrimaryField="" ManyToManyRuleSecondaryField="" IsModified="False" IsBaseField="False" LookupContent="" RedirectContent="" ManyToManyContent="" ManyToManyRuleContent="" ></Field>
		<Field Name="ParentCalendarEventID" active="True" AdminOnly="False" Authorable="True" Caption="Parent" DeveloperOnly="True" EditSortPriority="300" FieldType="Lookup" HTMLContent="False" IndexColumn="0" IndexSortDirection="" IndexSortOrder="0" IndexWidth="" RedirectID="" RedirectPath="" Required="False" TextBuffered="False" UniqueName="False" DefaultValue="" RSSTitle="False" RSSDescription="False" MemberSelectGroupID="0" EditTab="Recurring Event" Scramble="False" LookupList="" NotEditable="False" Password="False" ReadOnly="False" ManyToManyRulePrimaryField="" ManyToManyRuleSecondaryField="" IsModified="False" IsBaseField="False" LookupContent="Calendar Events" RedirectContent="" ManyToManyContent="" ManyToManyRuleContent="" ></Field>
		<Field Name="calendarDate" active="True" AdminOnly="False" Authorable="True" Caption="Calendar Date" DeveloperOnly="True" EditSortPriority="310" FieldType="Date" HTMLContent="False" IndexColumn="0" IndexSortDirection="" IndexSortOrder="0" IndexWidth="" RedirectID="" RedirectPath="" Required="False" TextBuffered="False" UniqueName="False" DefaultValue="" RSSTitle="False" RSSDescription="False" MemberSelectGroupID="0" EditTab="Recurring Event" Scramble="False" LookupList="" NotEditable="False" Password="False" ReadOnly="False" ManyToManyRulePrimaryField="" ManyToManyRuleSecondaryField="" IsModified="False" IsBaseField="False" LookupContent="" RedirectContent="" ManyToManyContent="" ManyToManyRuleContent="" ></Field>
		<Field Name="startCheckOn" active="True" AdminOnly="False" Authorable="True" Caption="Start Check On" DeveloperOnly="True" EditSortPriority="330" FieldType="Date" HTMLContent="False" IndexColumn="0" IndexSortDirection="" IndexSortOrder="0" IndexWidth="" RedirectID="" RedirectPath="" Required="False" TextBuffered="False" UniqueName="False" DefaultValue="" RSSTitle="False" RSSDescription="False" MemberSelectGroupID="0" EditTab="Recurring Event" Scramble="False" LookupList="" NotEditable="False" Password="False" ReadOnly="False" ManyToManyRulePrimaryField="" ManyToManyRuleSecondaryField="" IsModified="False" IsBaseField="False" LookupContent="" RedirectContent="" ManyToManyContent="" ManyToManyRuleContent="" ></Field>
		<Field Name="StartDate" active="True" AdminOnly="False" Authorable="True" Caption="Start Date" DeveloperOnly="False" EditSortPriority="1010" FieldType="Date" HTMLContent="False" IndexColumn="1" IndexSortDirection="" IndexSortOrder="2" IndexWidth="20" RedirectID="" RedirectPath="" Required="False" TextBuffered="False" UniqueName="False" DefaultValue="" RSSTitle="False" RSSDescription="False" MemberSelectGroupID="0" EditTab="" Scramble="False" LookupList="" NotEditable="False" Password="False" ReadOnly="False" ManyToManyRulePrimaryField="" ManyToManyRuleSecondaryField="" IsModified="False" IsBaseField="False" LookupContent="" RedirectContent="" ManyToManyContent="" ManyToManyRuleContent="" ></Field>
		<Field Name="StartTime" active="True" AdminOnly="False" Authorable="False" Caption="Start Time" DeveloperOnly="False" EditSortPriority="1020" FieldType="Date" HTMLContent="False" IndexColumn="99" IndexSortDirection="" IndexSortOrder="0" IndexWidth="0" RedirectID="" RedirectPath="" Required="False" TextBuffered="False" UniqueName="False" DefaultValue="" RSSTitle="False" RSSDescription="False" MemberSelectGroupID="0" EditTab="" Scramble="False" LookupList="" NotEditable="False" Password="False" ReadOnly="False" ManyToManyRulePrimaryField="" ManyToManyRuleSecondaryField="" IsModified="False" IsBaseField="False" LookupContent="" RedirectContent="" ManyToManyContent="" ManyToManyRuleContent="" ></Field>
		<Field Name="EndDate" active="True" AdminOnly="False" Authorable="True" Caption="End Date" DeveloperOnly="False" EditSortPriority="1030" FieldType="Date" HTMLContent="False" IndexColumn="2" IndexSortDirection="" IndexSortOrder="3" IndexWidth="20" RedirectID="" RedirectPath="" Required="False" TextBuffered="False" UniqueName="False" DefaultValue="" RSSTitle="False" RSSDescription="False" MemberSelectGroupID="0" EditTab="" Scramble="False" LookupList="" NotEditable="False" Password="False" ReadOnly="False" ManyToManyRulePrimaryField="" ManyToManyRuleSecondaryField="" IsModified="False" IsBaseField="False" LookupContent="" RedirectContent="" ManyToManyContent="" ManyToManyRuleContent="" ></Field>
		<Field Name="EndTime" active="True" AdminOnly="False" Authorable="False" Caption="End Time" DeveloperOnly="False" EditSortPriority="1040" FieldType="Date" HTMLContent="False" IndexColumn="99" IndexSortDirection="" IndexSortOrder="0" IndexWidth="0" RedirectID="" RedirectPath="" Required="False" TextBuffered="False" UniqueName="False" DefaultValue="" RSSTitle="False" RSSDescription="False" MemberSelectGroupID="0" EditTab="" Scramble="False" LookupList="" NotEditable="False" Password="False" ReadOnly="False" ManyToManyRulePrimaryField="" ManyToManyRuleSecondaryField="" IsModified="False" IsBaseField="False" LookupContent="" RedirectContent="" ManyToManyContent="" ManyToManyRuleContent="" ></Field>
		<Field Name="ContentRecordKey" active="True" AdminOnly="True" Authorable="False" Caption="ContentID.RecordID" DeveloperOnly="True" EditSortPriority="1100" FieldType="Text" HTMLContent="False" IndexColumn="99" IndexSortDirection="" IndexSortOrder="0" IndexWidth="0" RedirectID="" RedirectPath="" Required="False" TextBuffered="False" UniqueName="False" DefaultValue="" RSSTitle="False" RSSDescription="False" MemberSelectGroupID="0" EditTab="" Scramble="False" LookupList="" NotEditable="False" Password="False" ReadOnly="False" ManyToManyRulePrimaryField="" ManyToManyRuleSecondaryField="" IsModified="False" IsBaseField="False" LookupContent="" RedirectContent="" ManyToManyContent="" ManyToManyRuleContent="" ></Field>
		<Field Name="CopyFilename" active="True" AdminOnly="False" Authorable="True" Caption="Details View Copy" DeveloperOnly="False" EditSortPriority="2090" FieldType="HTMLFile" HTMLContent="False" IndexColumn="99" IndexSortDirection="" IndexSortOrder="0" IndexWidth="0" RedirectID="" RedirectPath="" Required="False" TextBuffered="False" UniqueName="False" DefaultValue="" RSSTitle="False" RSSDescription="False" MemberSelectGroupID="0" EditTab="" Scramble="False" LookupList="" NotEditable="False" Password="False" ReadOnly="False" ManyToManyRulePrimaryField="" ManyToManyRuleSecondaryField="" IsModified="False" IsBaseField="False" LookupContent="" RedirectContent="" ManyToManyContent="" ManyToManyRuleContent="" ></Field>
		<Field Name="BriefFilename" active="True" AdminOnly="False" Authorable="True" Caption="Day View Copy" DeveloperOnly="False" EditSortPriority="2089" FieldType="HTMLFile" HTMLContent="False" IndexColumn="99" IndexSortDirection="" IndexSortOrder="0" IndexWidth="0" RedirectID="" RedirectPath="" Required="False" TextBuffered="False" UniqueName="False" DefaultValue="" RSSTitle="False" RSSDescription="False" MemberSelectGroupID="0" EditTab="" Scramble="False" LookupList="" NotEditable="False" Password="False" ReadOnly="False" ManyToManyRulePrimaryField="" ManyToManyRuleSecondaryField="" IsModified="False" IsBaseField="False" LookupContent="" RedirectContent="" ManyToManyContent="" ManyToManyRuleContent="" ></Field>
		<Field Name="OrganizationID" active="True" AdminOnly="False" Authorable="False" Caption="Organization" DeveloperOnly="False" EditSortPriority="2100" FieldType="Lookup" HTMLContent="False" IndexColumn="99" IndexSortDirection="" IndexSortOrder="0" IndexWidth="0" RedirectID="" RedirectPath="" Required="False" TextBuffered="False" UniqueName="False" DefaultValue="" RSSTitle="False" RSSDescription="False" MemberSelectGroupID="0" EditTab="" Scramble="False" LookupList="" NotEditable="False" Password="False" ReadOnly="False" ManyToManyRulePrimaryField="" ManyToManyRuleSecondaryField="" IsModified="False" IsBaseField="False" LookupContent="Organizations" RedirectContent="" ManyToManyContent="" ManyToManyRuleContent="" ></Field>
		<Field Name="MemberID" active="True" AdminOnly="False" Authorable="False" Caption="Member" DeveloperOnly="False" EditSortPriority="2110" FieldType="Lookup" HTMLContent="False" IndexColumn="99" IndexSortDirection="" IndexSortOrder="0" IndexWidth="0" RedirectID="" RedirectPath="" Required="False" TextBuffered="False" UniqueName="False" DefaultValue="" RSSTitle="False" RSSDescription="False" MemberSelectGroupID="0" EditTab="" Scramble="False" LookupList="" NotEditable="False" Password="False" ReadOnly="False" ManyToManyRulePrimaryField="" ManyToManyRuleSecondaryField="" IsModified="False" IsBaseField="False" LookupContent="Members" RedirectContent="" ManyToManyContent="" ManyToManyRuleContent="" ></Field>
		<Field Name="PageID" active="True" AdminOnly="False" Authorable="False" Caption="Content Page" DeveloperOnly="False" EditSortPriority="1100" FieldType="Lookup" HTMLContent="False" IndexColumn="99" IndexSortDirection="" IndexSortOrder="0" IndexWidth="0" RedirectID="" RedirectPath="" Required="False" TextBuffered="False" UniqueName="False" DefaultValue="" RSSTitle="False" RSSDescription="False" MemberSelectGroupID="0" EditTab="" Scramble="False" LookupList="" NotEditable="False" Password="False" ReadOnly="False" ManyToManyRulePrimaryField="" ManyToManyRuleSecondaryField="" IsModified="False" IsBaseField="False" LookupContent="Page Content" RedirectContent="" ManyToManyContent="" ManyToManyRuleContent="" ></Field>
		<Field Name="EventLink" active="True" AdminOnly="False" Authorable="True" Caption="Event URL" DeveloperOnly="False" EditSortPriority="1200" FieldType="Link" HTMLContent="False" IndexColumn="99" IndexSortDirection="" IndexSortOrder="0" IndexWidth="0" RedirectID="" RedirectPath="" Required="False" TextBuffered="False" UniqueName="False" DefaultValue="" RSSTitle="False" RSSDescription="False" MemberSelectGroupID="0" EditTab="" Scramble="False" LookupList="" NotEditable="False" Password="False" ReadOnly="False" ManyToManyRulePrimaryField="" ManyToManyRuleSecondaryField="" IsModified="False" IsBaseField="False" LookupContent="" RedirectContent="" ManyToManyContent="" ManyToManyRuleContent="" ></Field>
		<Field Name="CalendarHolder" active="True" AdminOnly="False" Authorable="True" Caption="Include On Calendar(s)" DeveloperOnly="False" EditSortPriority="500" FieldType="ManyToMany" HTMLContent="False" IndexColumn="-1" IndexSortDirection="" IndexSortOrder="0" IndexWidth="0" RedirectID="" RedirectPath="" Required="False" TextBuffered="False" UniqueName="False" DefaultValue="" RSSTitle="False" RSSDescription="False" MemberSelectGroupID="0" EditTab="Calendar" Scramble="False" LookupList="" NotEditable="False" Password="False" ReadOnly="False" ManyToManyRulePrimaryField="CalendarEventID" ManyToManyRuleSecondaryField="CalendarID" IsModified="False" IsBaseField="False" LookupContent="" RedirectContent="" ManyToManyContent="Calendars" ManyToManyRuleContent="Calendar Event Rules" ></Field>
	</CDef>
	<CDef Name="Calendars" Active="1" AdminOnly="0" AllowAdd="1" AllowCalendarEvents="0" AllowContentChildTool="0" AllowContentTracking="0" AllowDelete="1" AllowMetaContent="0" AllowTopicRules="0" AllowWorkflowAuthoring="0" AuthoringDataSourceName="Default" AuthoringTableName="ccCalendars" ContentDataSourceName="Default" ContentTableName="ccCalendars" DefaultSortMethod="By Name" DeveloperOnly="0" DropDownFieldList="NAME" EditorGroupName="" Parent="" IconLink="" IconHeight="0" IconWidth="0" IconSprites="0" isbasecontent="0" guid="{414766AE-1C1E-403C-A14F-5A5E5CAEACB9}" >
		<Field Name="Name" active="True" AdminOnly="False" Authorable="True" Caption="Name" DeveloperOnly="False" EditSortPriority="110" FieldType="Text" HTMLContent="False" IndexColumn="0" IndexSortDirection="" IndexSortOrder="0" IndexWidth="0" RedirectID="0" RedirectPath="" Required="False" TextBuffered="False" UniqueName="False" DefaultValue="" RSSTitle="False" RSSDescription="False" MemberSelectGroupID="0" EditTab="" Scramble="False" LookupList="" NotEditable="False" Password="False" ReadOnly="False" ManyToManyRulePrimaryField="" ManyToManyRuleSecondaryField="" IsModified="False" IsBaseField="False" LookupContent="" RedirectContent="" ManyToManyContent="" ManyToManyRuleContent="" ></Field>
		<Field Name="Active" active="True" AdminOnly="False" Authorable="True" Caption="Active" DeveloperOnly="False" EditSortPriority="200" FieldType="Boolean" HTMLContent="False" IndexColumn="0" IndexSortDirection="" IndexSortOrder="0" IndexWidth="0" RedirectID="0" RedirectPath="" Required="False" TextBuffered="False" UniqueName="False" DefaultValue="1" RSSTitle="False" RSSDescription="False" MemberSelectGroupID="0" EditTab="" Scramble="False" LookupList="" NotEditable="False" Password="False" ReadOnly="False" ManyToManyRulePrimaryField="" ManyToManyRuleSecondaryField="" IsModified="False" IsBaseField="False" LookupContent="" RedirectContent="" ManyToManyContent="" ManyToManyRuleContent="" ></Field>
		<Field Name="SortOrder" active="True" AdminOnly="False" Authorable="False" Caption="Alpha Sort Order" DeveloperOnly="False" EditSortPriority="2000" FieldType="Text" HTMLContent="False" IndexColumn="0" IndexSortDirection="" IndexSortOrder="0" IndexWidth="0" RedirectID="0" RedirectPath="" Required="False" TextBuffered="False" UniqueName="False" DefaultValue="" RSSTitle="False" RSSDescription="False" MemberSelectGroupID="0" EditTab="" Scramble="False" LookupList="" NotEditable="False" Password="False" ReadOnly="False" ManyToManyRulePrimaryField="" ManyToManyRuleSecondaryField="" IsModified="False" IsBaseField="False" LookupContent="" RedirectContent="" ManyToManyContent="" ManyToManyRuleContent="" ></Field>
		<Field Name="Caption" active="True" AdminOnly="False" Authorable="True" Caption="Caption" DeveloperOnly="False" EditSortPriority="1010" FieldType="Text" HTMLContent="False" IndexColumn="1" IndexSortDirection="" IndexSortOrder="1" IndexWidth="30" RedirectID="" RedirectPath="" Required="False" TextBuffered="False" UniqueName="False" DefaultValue="" RSSTitle="False" RSSDescription="False" MemberSelectGroupID="0" EditTab="" Scramble="False" LookupList="" NotEditable="False" Password="False" ReadOnly="False" ManyToManyRulePrimaryField="" ManyToManyRuleSecondaryField="" IsModified="False" IsBaseField="False" LookupContent="" RedirectContent="" ManyToManyContent="" ManyToManyRuleContent="" ></Field>
		<Field Name="PageContentID" active="True" AdminOnly="False" Authorable="True" Caption="Content" DeveloperOnly="False" EditSortPriority="1020" FieldType="Lookup" HTMLContent="False" IndexColumn="2" IndexSortDirection="" IndexSortOrder="2" IndexWidth="40" RedirectID="" RedirectPath="" Required="False" TextBuffered="False" UniqueName="False" DefaultValue="" RSSTitle="False" RSSDescription="False" MemberSelectGroupID="0" EditTab="" Scramble="False" LookupList="" NotEditable="False" Password="False" ReadOnly="False" ManyToManyRulePrimaryField="" ManyToManyRuleSecondaryField="" IsModified="False" IsBaseField="False" LookupContent="Content" RedirectContent="" ManyToManyContent="" ManyToManyRuleContent="" ></Field>
	</CDef>
	<CDef Name="Calendar Event Rules" Active="1" AdminOnly="0" AllowAdd="1" AllowCalendarEvents="0" AllowContentChildTool="0" AllowContentTracking="0" AllowDelete="1" AllowMetaContent="0" AllowTopicRules="0" AllowWorkflowAuthoring="0" AuthoringDataSourceName="Default" AuthoringTableName="ccCalendarEventRules" ContentDataSourceName="Default" ContentTableName="ccCalendarEventRules" DefaultSortMethod="By Name" DeveloperOnly="0" DropDownFieldList="NAME" EditorGroupName="" Parent="" IconLink="" IconHeight="0" IconWidth="0" IconSprites="0" isbasecontent="0" guid="{BE5DAA55-1E64-457E-9B1B-4B41C2A99E35}" >
		<Field Name="Name" active="True" AdminOnly="False" Authorable="True" Caption="Name" DeveloperOnly="False" EditSortPriority="110" FieldType="Text" HTMLContent="False" IndexColumn="0" IndexSortDirection="" IndexSortOrder="0" IndexWidth="0" RedirectID="0" RedirectPath="" Required="False" TextBuffered="False" UniqueName="False" DefaultValue="" RSSTitle="False" RSSDescription="False" MemberSelectGroupID="0" EditTab="" Scramble="False" LookupList="" NotEditable="False" Password="False" ReadOnly="False" ManyToManyRulePrimaryField="" ManyToManyRuleSecondaryField="" IsModified="False" IsBaseField="False" LookupContent="" RedirectContent="" ManyToManyContent="" ManyToManyRuleContent="" ></Field>
		<Field Name="Active" active="True" AdminOnly="False" Authorable="True" Caption="Active" DeveloperOnly="False" EditSortPriority="200" FieldType="Boolean" HTMLContent="False" IndexColumn="0" IndexSortDirection="" IndexSortOrder="0" IndexWidth="0" RedirectID="0" RedirectPath="" Required="False" TextBuffered="False" UniqueName="False" DefaultValue="1" RSSTitle="False" RSSDescription="False" MemberSelectGroupID="0" EditTab="" Scramble="False" LookupList="" NotEditable="False" Password="False" ReadOnly="False" ManyToManyRulePrimaryField="" ManyToManyRuleSecondaryField="" IsModified="False" IsBaseField="False" LookupContent="" RedirectContent="" ManyToManyContent="" ManyToManyRuleContent="" ></Field>
		<Field Name="SortOrder" active="True" AdminOnly="False" Authorable="False" Caption="Alpha Sort Order" DeveloperOnly="False" EditSortPriority="2000" FieldType="Text" HTMLContent="False" IndexColumn="0" IndexSortDirection="" IndexSortOrder="0" IndexWidth="0" RedirectID="0" RedirectPath="" Required="False" TextBuffered="False" UniqueName="False" DefaultValue="" RSSTitle="False" RSSDescription="False" MemberSelectGroupID="0" EditTab="" Scramble="False" LookupList="" NotEditable="False" Password="False" ReadOnly="False" ManyToManyRulePrimaryField="" ManyToManyRuleSecondaryField="" IsModified="False" IsBaseField="False" LookupContent="" RedirectContent="" ManyToManyContent="" ManyToManyRuleContent="" ></Field>
		<Field Name="CalendarID" active="True" AdminOnly="False" Authorable="True" Caption="Calendar" DeveloperOnly="False" EditSortPriority="1000" FieldType="Lookup" HTMLContent="False" IndexColumn="0" IndexSortDirection="" IndexSortOrder="0" IndexWidth="50" RedirectID="" RedirectPath="" Required="False" TextBuffered="False" UniqueName="False" DefaultValue="" RSSTitle="False" RSSDescription="False" MemberSelectGroupID="0" EditTab="" Scramble="False" LookupList="" NotEditable="False" Password="False" ReadOnly="False" ManyToManyRulePrimaryField="" ManyToManyRuleSecondaryField="" IsModified="False" IsBaseField="False" LookupContent="Calendars" RedirectContent="" ManyToManyContent="" ManyToManyRuleContent="" ></Field>
		<Field Name="CalendarEventID" active="True" AdminOnly="False" Authorable="True" Caption="Calendar Event" DeveloperOnly="False" EditSortPriority="1010" FieldType="Lookup" HTMLContent="False" IndexColumn="1" IndexSortDirection="" IndexSortOrder="1" IndexWidth="50" RedirectID="" RedirectPath="" Required="False" TextBuffered="False" UniqueName="False" DefaultValue="" RSSTitle="False" RSSDescription="False" MemberSelectGroupID="0" EditTab="" Scramble="False" LookupList="" NotEditable="False" Password="False" ReadOnly="False" ManyToManyRulePrimaryField="" ManyToManyRuleSecondaryField="" IsModified="False" IsBaseField="False" LookupContent="Calendar Events" RedirectContent="" ManyToManyContent="" ManyToManyRuleContent="" ></Field>
	</CDef>
	<CDef Name="Calendar Events" Active="1" AdminOnly="0" AllowAdd="1" AllowCalendarEvents="0" AllowContentChildTool="0" AllowContentTracking="1" AllowDelete="1" AllowMetaContent="0" AllowTopicRules="0" AllowWorkflowAuthoring="0" AuthoringDataSourceName="Default" AuthoringTableName="ccCalendarEvents" ContentDataSourceName="Default" ContentTableName="ccCalendarEvents" DefaultSortMethod="By Name" DeveloperOnly="0" DropDownFieldList="NAME" EditorGroupName="" Parent="" IconLink="" IconHeight="0" IconWidth="0" IconSprites="0" isbasecontent="0" guid="{1FFE6451-E55A-4029-98F7-A05D857B2774}" >
		<Field Name="Name" active="True" AdminOnly="False" Authorable="True" Caption="Name" DeveloperOnly="False" EditSortPriority="1000" FieldType="Text" HTMLContent="False" IndexColumn="1" IndexSortDirection="" IndexSortOrder="1" IndexWidth="30" RedirectID="" RedirectPath="" Required="True" TextBuffered="False" UniqueName="False" DefaultValue="" RSSTitle="False" RSSDescription="False" MemberSelectGroupID="0" EditTab="" Scramble="False" LookupList="" NotEditable="False" Password="False" ReadOnly="False" ManyToManyRulePrimaryField="" ManyToManyRuleSecondaryField="" IsModified="False" IsBaseField="False" LookupContent="" RedirectContent="" ManyToManyContent="" ManyToManyRuleContent="" ></Field>
		<Field Name="Active" active="True" AdminOnly="False" Authorable="True" Caption="Active" DeveloperOnly="False" EditSortPriority="200" FieldType="Boolean" HTMLContent="False" IndexColumn="0" IndexSortDirection="" IndexSortOrder="0" IndexWidth="0" RedirectID="0" RedirectPath="" Required="False" TextBuffered="False" UniqueName="False" DefaultValue="1" RSSTitle="False" RSSDescription="False" MemberSelectGroupID="0" EditTab="" Scramble="False" LookupList="" NotEditable="False" Password="False" ReadOnly="False" ManyToManyRulePrimaryField="" ManyToManyRuleSecondaryField="" IsModified="False" IsBaseField="False" LookupContent="" RedirectContent="" ManyToManyContent="" ManyToManyRuleContent="" ></Field>
		<Field Name="SortOrder" active="True" AdminOnly="False" Authorable="False" Caption="Alpha Sort Order" DeveloperOnly="False" EditSortPriority="2000" FieldType="Text" HTMLContent="False" IndexColumn="0" IndexSortDirection="" IndexSortOrder="0" IndexWidth="0" RedirectID="0" RedirectPath="" Required="False" TextBuffered="False" UniqueName="False" DefaultValue="" RSSTitle="False" RSSDescription="False" MemberSelectGroupID="0" EditTab="" Scramble="False" LookupList="" NotEditable="False" Password="False" ReadOnly="False" ManyToManyRulePrimaryField="" ManyToManyRuleSecondaryField="" IsModified="False" IsBaseField="False" LookupContent="" RedirectContent="" ManyToManyContent="" ManyToManyRuleContent="" ></Field>
		<Field Name="Repeats" active="True" AdminOnly="False" Authorable="True" Caption="Repeats" DeveloperOnly="False" EditSortPriority="100" FieldType="Lookup" HTMLContent="False" IndexColumn="0" IndexSortDirection="" IndexSortOrder="0" IndexWidth="" RedirectID="" RedirectPath="" Required="False" TextBuffered="False" UniqueName="False" DefaultValue="" RSSTitle="False" RSSDescription="False" MemberSelectGroupID="0" EditTab="Recurring Event" Scramble="False" LookupList="Daily,Weekly,Monthly,Yearly" NotEditable="False" Password="False" ReadOnly="False" ManyToManyRulePrimaryField="" ManyToManyRuleSecondaryField="" IsModified="False" IsBaseField="False" LookupContent="" RedirectContent="" ManyToManyContent="" ManyToManyRuleContent="" ></Field>
		<Field Name="RepeatStart" active="True" AdminOnly="False" Authorable="True" Caption="Start" DeveloperOnly="False" EditSortPriority="150" FieldType="Date" HTMLContent="False" IndexColumn="0" IndexSortDirection="" IndexSortOrder="0" IndexWidth="" RedirectID="" RedirectPath="" Required="False" TextBuffered="False" UniqueName="False" DefaultValue="" RSSTitle="False" RSSDescription="False" MemberSelectGroupID="0" EditTab="Recurring Event" Scramble="False" LookupList="" NotEditable="False" Password="False" ReadOnly="False" ManyToManyRulePrimaryField="" ManyToManyRuleSecondaryField="" IsModified="False" IsBaseField="False" LookupContent="" RedirectContent="" ManyToManyContent="" ManyToManyRuleContent="" ></Field>
		<Field Name="RepeatEnd" active="True" AdminOnly="False" Authorable="True" Caption="End" DeveloperOnly="False" EditSortPriority="200" FieldType="Date" HTMLContent="False" IndexColumn="0" IndexSortDirection="" IndexSortOrder="0" IndexWidth="" RedirectID="" RedirectPath="" Required="False" TextBuffered="False" UniqueName="False" DefaultValue="" RSSTitle="False" RSSDescription="False" MemberSelectGroupID="0" EditTab="Recurring Event" Scramble="False" LookupList="" NotEditable="False" Password="False" ReadOnly="False" ManyToManyRulePrimaryField="" ManyToManyRuleSecondaryField="" IsModified="False" IsBaseField="False" LookupContent="" RedirectContent="" ManyToManyContent="" ManyToManyRuleContent="" ></Field>
		<Field Name="ParentCalendarEventID" active="True" AdminOnly="False" Authorable="True" Caption="Parent" DeveloperOnly="True" EditSortPriority="300" FieldType="Lookup" HTMLContent="False" IndexColumn="0" IndexSortDirection="" IndexSortOrder="0" IndexWidth="" RedirectID="" RedirectPath="" Required="False" TextBuffered="False" UniqueName="False" DefaultValue="" RSSTitle="False" RSSDescription="False" MemberSelectGroupID="0" EditTab="Recurring Event" Scramble="False" LookupList="" NotEditable="False" Password="False" ReadOnly="False" ManyToManyRulePrimaryField="" ManyToManyRuleSecondaryField="" IsModified="False" IsBaseField="False" LookupContent="Calendar Events" RedirectContent="" ManyToManyContent="" ManyToManyRuleContent="" ></Field>
		<Field Name="calendarDate" active="True" AdminOnly="False" Authorable="True" Caption="Calendar Date" DeveloperOnly="True" EditSortPriority="310" FieldType="Date" HTMLContent="False" IndexColumn="0" IndexSortDirection="" IndexSortOrder="0" IndexWidth="" RedirectID="" RedirectPath="" Required="False" TextBuffered="False" UniqueName="False" DefaultValue="" RSSTitle="False" RSSDescription="False" MemberSelectGroupID="0" EditTab="Recurring Event" Scramble="False" LookupList="" NotEditable="False" Password="False" ReadOnly="False" ManyToManyRulePrimaryField="" ManyToManyRuleSecondaryField="" IsModified="False" IsBaseField="False" LookupContent="" RedirectContent="" ManyToManyContent="" ManyToManyRuleContent="" ></Field>
		<Field Name="startCheckOn" active="True" AdminOnly="False" Authorable="True" Caption="Start Check On" DeveloperOnly="True" EditSortPriority="330" FieldType="Date" HTMLContent="False" IndexColumn="0" IndexSortDirection="" IndexSortOrder="0" IndexWidth="" RedirectID="" RedirectPath="" Required="False" TextBuffered="False" UniqueName="False" DefaultValue="" RSSTitle="False" RSSDescription="False" MemberSelectGroupID="0" EditTab="Recurring Event" Scramble="False" LookupList="" NotEditable="False" Password="False" ReadOnly="False" ManyToManyRulePrimaryField="" ManyToManyRuleSecondaryField="" IsModified="False" IsBaseField="False" LookupContent="" RedirectContent="" ManyToManyContent="" ManyToManyRuleContent="" ></Field>
		<Field Name="StartDate" active="True" AdminOnly="False" Authorable="True" Caption="Start Date" DeveloperOnly="False" EditSortPriority="1010" FieldType="Date" HTMLContent="False" IndexColumn="1" IndexSortDirection="" IndexSortOrder="2" IndexWidth="20" RedirectID="" RedirectPath="" Required="False" TextBuffered="False" UniqueName="False" DefaultValue="" RSSTitle="False" RSSDescription="False" MemberSelectGroupID="0" EditTab="" Scramble="False" LookupList="" NotEditable="False" Password="False" ReadOnly="False" ManyToManyRulePrimaryField="" ManyToManyRuleSecondaryField="" IsModified="False" IsBaseField="False" LookupContent="" RedirectContent="" ManyToManyContent="" ManyToManyRuleContent="" ></Field>
		<Field Name="StartTime" active="True" AdminOnly="False" Authorable="False" Caption="Start Time" DeveloperOnly="False" EditSortPriority="1020" FieldType="Date" HTMLContent="False" IndexColumn="99" IndexSortDirection="" IndexSortOrder="0" IndexWidth="0" RedirectID="" RedirectPath="" Required="False" TextBuffered="False" UniqueName="False" DefaultValue="" RSSTitle="False" RSSDescription="False" MemberSelectGroupID="0" EditTab="" Scramble="False" LookupList="" NotEditable="False" Password="False" ReadOnly="False" ManyToManyRulePrimaryField="" ManyToManyRuleSecondaryField="" IsModified="False" IsBaseField="False" LookupContent="" RedirectContent="" ManyToManyContent="" ManyToManyRuleContent="" ></Field>
		<Field Name="EndDate" active="True" AdminOnly="False" Authorable="True" Caption="End Date" DeveloperOnly="False" EditSortPriority="1030" FieldType="Date" HTMLContent="False" IndexColumn="2" IndexSortDirection="" IndexSortOrder="3" IndexWidth="20" RedirectID="" RedirectPath="" Required="False" TextBuffered="False" UniqueName="False" DefaultValue="" RSSTitle="False" RSSDescription="False" MemberSelectGroupID="0" EditTab="" Scramble="False" LookupList="" NotEditable="False" Password="False" ReadOnly="False" ManyToManyRulePrimaryField="" ManyToManyRuleSecondaryField="" IsModified="False" IsBaseField="False" LookupContent="" RedirectContent="" ManyToManyContent="" ManyToManyRuleContent="" ></Field>
		<Field Name="EndTime" active="True" AdminOnly="False" Authorable="False" Caption="End Time" DeveloperOnly="False" EditSortPriority="1040" FieldType="Date" HTMLContent="False" IndexColumn="99" IndexSortDirection="" IndexSortOrder="0" IndexWidth="0" RedirectID="" RedirectPath="" Required="False" TextBuffered="False" UniqueName="False" DefaultValue="" RSSTitle="False" RSSDescription="False" MemberSelectGroupID="0" EditTab="" Scramble="False" LookupList="" NotEditable="False" Password="False" ReadOnly="False" ManyToManyRulePrimaryField="" ManyToManyRuleSecondaryField="" IsModified="False" IsBaseField="False" LookupContent="" RedirectContent="" ManyToManyContent="" ManyToManyRuleContent="" ></Field>
		<Field Name="ContentRecordKey" active="True" AdminOnly="True" Authorable="False" Caption="ContentID.RecordID" DeveloperOnly="True" EditSortPriority="1100" FieldType="Text" HTMLContent="False" IndexColumn="99" IndexSortDirection="" IndexSortOrder="0" IndexWidth="0" RedirectID="" RedirectPath="" Required="False" TextBuffered="False" UniqueName="False" DefaultValue="" RSSTitle="False" RSSDescription="False" MemberSelectGroupID="0" EditTab="" Scramble="False" LookupList="" NotEditable="False" Password="False" ReadOnly="False" ManyToManyRulePrimaryField="" ManyToManyRuleSecondaryField="" IsModified="False" IsBaseField="False" LookupContent="" RedirectContent="" ManyToManyContent="" ManyToManyRuleContent="" ></Field>
		<Field Name="CopyFilename" active="True" AdminOnly="False" Authorable="True" Caption="Details View Copy" DeveloperOnly="False" EditSortPriority="2090" FieldType="HTMLFile" HTMLContent="False" IndexColumn="99" IndexSortDirection="" IndexSortOrder="0" IndexWidth="0" RedirectID="" RedirectPath="" Required="False" TextBuffered="False" UniqueName="False" DefaultValue="" RSSTitle="False" RSSDescription="False" MemberSelectGroupID="0" EditTab="" Scramble="False" LookupList="" NotEditable="False" Password="False" ReadOnly="False" ManyToManyRulePrimaryField="" ManyToManyRuleSecondaryField="" IsModified="False" IsBaseField="False" LookupContent="" RedirectContent="" ManyToManyContent="" ManyToManyRuleContent="" ></Field>
		<Field Name="BriefFilename" active="True" AdminOnly="False" Authorable="True" Caption="Day View Copy" DeveloperOnly="False" EditSortPriority="2089" FieldType="HTMLFile" HTMLContent="False" IndexColumn="99" IndexSortDirection="" IndexSortOrder="0" IndexWidth="0" RedirectID="" RedirectPath="" Required="False" TextBuffered="False" UniqueName="False" DefaultValue="" RSSTitle="False" RSSDescription="False" MemberSelectGroupID="0" EditTab="" Scramble="False" LookupList="" NotEditable="False" Password="False" ReadOnly="False" ManyToManyRulePrimaryField="" ManyToManyRuleSecondaryField="" IsModified="False" IsBaseField="False" LookupContent="" RedirectContent="" ManyToManyContent="" ManyToManyRuleContent="" ></Field>
		<Field Name="OrganizationID" active="True" AdminOnly="False" Authorable="False" Caption="Organization" DeveloperOnly="False" EditSortPriority="2100" FieldType="Lookup" HTMLContent="False" IndexColumn="99" IndexSortDirection="" IndexSortOrder="0" IndexWidth="0" RedirectID="" RedirectPath="" Required="False" TextBuffered="False" UniqueName="False" DefaultValue="" RSSTitle="False" RSSDescription="False" MemberSelectGroupID="0" EditTab="" Scramble="False" LookupList="" NotEditable="False" Password="False" ReadOnly="False" ManyToManyRulePrimaryField="" ManyToManyRuleSecondaryField="" IsModified="False" IsBaseField="False" LookupContent="Organizations" RedirectContent="" ManyToManyContent="" ManyToManyRuleContent="" ></Field>
		<Field Name="MemberID" active="True" AdminOnly="False" Authorable="False" Caption="Member" DeveloperOnly="False" EditSortPriority="2110" FieldType="Lookup" HTMLContent="False" IndexColumn="99" IndexSortDirection="" IndexSortOrder="0" IndexWidth="0" RedirectID="" RedirectPath="" Required="False" TextBuffered="False" UniqueName="False" DefaultValue="" RSSTitle="False" RSSDescription="False" MemberSelectGroupID="0" EditTab="" Scramble="False" LookupList="" NotEditable="False" Password="False" ReadOnly="False" ManyToManyRulePrimaryField="" ManyToManyRuleSecondaryField="" IsModified="False" IsBaseField="False" LookupContent="Members" RedirectContent="" ManyToManyContent="" ManyToManyRuleContent="" ></Field>
		<Field Name="PageID" active="True" AdminOnly="False" Authorable="False" Caption="Content Page" DeveloperOnly="False" EditSortPriority="1100" FieldType="Lookup" HTMLContent="False" IndexColumn="99" IndexSortDirection="" IndexSortOrder="0" IndexWidth="0" RedirectID="" RedirectPath="" Required="False" TextBuffered="False" UniqueName="False" DefaultValue="" RSSTitle="False" RSSDescription="False" MemberSelectGroupID="0" EditTab="" Scramble="False" LookupList="" NotEditable="False" Password="False" ReadOnly="False" ManyToManyRulePrimaryField="" ManyToManyRuleSecondaryField="" IsModified="False" IsBaseField="False" LookupContent="Page Content" RedirectContent="" ManyToManyContent="" ManyToManyRuleContent="" ></Field>
		<Field Name="EventLink" active="True" AdminOnly="False" Authorable="True" Caption="Event URL" DeveloperOnly="False" EditSortPriority="1200" FieldType="Link" HTMLContent="False" IndexColumn="99" IndexSortDirection="" IndexSortOrder="0" IndexWidth="0" RedirectID="" RedirectPath="" Required="False" TextBuffered="False" UniqueName="False" DefaultValue="" RSSTitle="False" RSSDescription="False" MemberSelectGroupID="0" EditTab="" Scramble="False" LookupList="" NotEditable="False" Password="False" ReadOnly="False" ManyToManyRulePrimaryField="" ManyToManyRuleSecondaryField="" IsModified="False" IsBaseField="False" LookupContent="" RedirectContent="" ManyToManyContent="" ManyToManyRuleContent="" ></Field>
		<Field Name="CalendarHolder" active="True" AdminOnly="False" Authorable="True" Caption="Include On Calendar(s)" DeveloperOnly="False" EditSortPriority="500" FieldType="ManyToMany" HTMLContent="False" IndexColumn="-1" IndexSortDirection="" IndexSortOrder="0" IndexWidth="0" RedirectID="" RedirectPath="" Required="False" TextBuffered="False" UniqueName="False" DefaultValue="" RSSTitle="False" RSSDescription="False" MemberSelectGroupID="0" EditTab="Calendar" Scramble="False" LookupList="" NotEditable="False" Password="False" ReadOnly="False" ManyToManyRulePrimaryField="CalendarEventID" ManyToManyRuleSecondaryField="CalendarID" IsModified="False" IsBaseField="False" LookupContent="" RedirectContent="" ManyToManyContent="Calendars" ManyToManyRuleContent="Calendar Event Rules" ></Field>
	</CDef>
	<CDef Name="Calendars" Active="1" AdminOnly="0" AllowAdd="1" AllowCalendarEvents="0" AllowContentChildTool="0" AllowContentTracking="0" AllowDelete="1" AllowMetaContent="0" AllowTopicRules="0" AllowWorkflowAuthoring="0" AuthoringDataSourceName="Default" AuthoringTableName="ccCalendars" ContentDataSourceName="Default" ContentTableName="ccCalendars" DefaultSortMethod="By Name" DeveloperOnly="0" DropDownFieldList="NAME" EditorGroupName="" Parent="" IconLink="" IconHeight="0" IconWidth="0" IconSprites="0" isbasecontent="0" guid="{414766AE-1C1E-403C-A14F-5A5E5CAEACB9}" >
		<Field Name="Name" active="True" AdminOnly="False" Authorable="True" Caption="Name" DeveloperOnly="False" EditSortPriority="110" FieldType="Text" HTMLContent="False" IndexColumn="0" IndexSortDirection="" IndexSortOrder="0" IndexWidth="0" RedirectID="0" RedirectPath="" Required="False" TextBuffered="False" UniqueName="False" DefaultValue="" RSSTitle="False" RSSDescription="False" MemberSelectGroupID="0" EditTab="" Scramble="False" LookupList="" NotEditable="False" Password="False" ReadOnly="False" ManyToManyRulePrimaryField="" ManyToManyRuleSecondaryField="" IsModified="False" IsBaseField="False" LookupContent="" RedirectContent="" ManyToManyContent="" ManyToManyRuleContent="" ></Field>
		<Field Name="Active" active="True" AdminOnly="False" Authorable="True" Caption="Active" DeveloperOnly="False" EditSortPriority="200" FieldType="Boolean" HTMLContent="False" IndexColumn="0" IndexSortDirection="" IndexSortOrder="0" IndexWidth="0" RedirectID="0" RedirectPath="" Required="False" TextBuffered="False" UniqueName="False" DefaultValue="1" RSSTitle="False" RSSDescription="False" MemberSelectGroupID="0" EditTab="" Scramble="False" LookupList="" NotEditable="False" Password="False" ReadOnly="False" ManyToManyRulePrimaryField="" ManyToManyRuleSecondaryField="" IsModified="False" IsBaseField="False" LookupContent="" RedirectContent="" ManyToManyContent="" ManyToManyRuleContent="" ></Field>
		<Field Name="SortOrder" active="True" AdminOnly="False" Authorable="False" Caption="Alpha Sort Order" DeveloperOnly="False" EditSortPriority="2000" FieldType="Text" HTMLContent="False" IndexColumn="0" IndexSortDirection="" IndexSortOrder="0" IndexWidth="0" RedirectID="0" RedirectPath="" Required="False" TextBuffered="False" UniqueName="False" DefaultValue="" RSSTitle="False" RSSDescription="False" MemberSelectGroupID="0" EditTab="" Scramble="False" LookupList="" NotEditable="False" Password="False" ReadOnly="False" ManyToManyRulePrimaryField="" ManyToManyRuleSecondaryField="" IsModified="False" IsBaseField="False" LookupContent="" RedirectContent="" ManyToManyContent="" ManyToManyRuleContent="" ></Field>
		<Field Name="Caption" active="True" AdminOnly="False" Authorable="True" Caption="Caption" DeveloperOnly="False" EditSortPriority="1010" FieldType="Text" HTMLContent="False" IndexColumn="1" IndexSortDirection="" IndexSortOrder="1" IndexWidth="30" RedirectID="" RedirectPath="" Required="False" TextBuffered="False" UniqueName="False" DefaultValue="" RSSTitle="False" RSSDescription="False" MemberSelectGroupID="0" EditTab="" Scramble="False" LookupList="" NotEditable="False" Password="False" ReadOnly="False" ManyToManyRulePrimaryField="" ManyToManyRuleSecondaryField="" IsModified="False" IsBaseField="False" LookupContent="" RedirectContent="" ManyToManyContent="" ManyToManyRuleContent="" ></Field>
		<Field Name="PageContentID" active="True" AdminOnly="False" Authorable="True" Caption="Content" DeveloperOnly="False" EditSortPriority="1020" FieldType="Lookup" HTMLContent="False" IndexColumn="2" IndexSortDirection="" IndexSortOrder="2" IndexWidth="40" RedirectID="" RedirectPath="" Required="False" TextBuffered="False" UniqueName="False" DefaultValue="" RSSTitle="False" RSSDescription="False" MemberSelectGroupID="0" EditTab="" Scramble="False" LookupList="" NotEditable="False" Password="False" ReadOnly="False" ManyToManyRulePrimaryField="" ManyToManyRuleSecondaryField="" IsModified="False" IsBaseField="False" LookupContent="Content" RedirectContent="" ManyToManyContent="" ManyToManyRuleContent="" ></Field>
	</CDef>
	<ImportCollection name="jQuery Corners">{8DA686DD-8732-4077-9B8E-CA8C5AFCD312}</ImportCollection>
	<ImportCollection name="JQuery">{A435BF70-041B-43D1-8A8D-5D9D59A7FCD0}</ImportCollection>
	<Resource name="aocalendar.dll" type="executable" path="" />

<ContensiveCDef>
	<CDef Name="Calendars" Active="1" AdminOnly="0" AllowAdd="1" AllowCalendarEvents="0" AllowContentChildTool="0" AllowContentTracking="0" AllowDelete="1" AllowMetaContent="0" AllowTopicRules="0" AllowWorkflowAuthoring="0" AuthoringDataSourceName="Default" AuthoringTableName="ccCalendars" ContentDataSourceName="Default" ContentTableName="ccCalendars" DefaultSortMethod="By Name" DeveloperOnly="0" DropDownFieldList="NAME" EditorGroupName="" Parent="">
		<Field Name="Caption" active="1" AdminOnly="0" Authorable="1" Caption="Caption" DeveloperOnly="0" EditSortPriority="1010" FieldType="2" HTMLContent="0" IndexColumn="1" IndexSortDirection="" IndexSortOrder="1" IndexWidth="30" LookupContent="" NotEditable="0" Password="0" ReadOnly="0" RedirectContent="" RedirectID="" RedirectPath="" Required="0" TextBuffered="0" UniqueName="0" DefaultValue="" RSSTitleField="0" RSSDescriptionField="0" MemberSelectGroupID="0" EditTab="" Scramble="0" LookupList="" ManyToManyContent="" ManyToManyRuleContent="" ManyToManyRulePrimaryField="" ManyToManyRuleSecondaryField="" HelpMessage=""/>
		<Field Name="PageContentID" active="1" AdminOnly="0" Authorable="1" Caption="Content" DeveloperOnly="0" EditSortPriority="1020" FieldType="7" HTMLContent="0" IndexColumn="2" IndexSortDirection="" IndexSortOrder="2" IndexWidth="40" LookupContent="Content" NotEditable="0" Password="0" ReadOnly="0" RedirectContent="" RedirectID="" RedirectPath="" Required="0" TextBuffered="0" UniqueName="0" DefaultValue="" RSSTitleField="0" RSSDescriptionField="0" MemberSelectGroupID="0" EditTab="" Scramble="0" LookupList="" ManyToManyContent="" ManyToManyRuleContent="" ManyToManyRulePrimaryField="" ManyToManyRuleSecondaryField="" HelpMessage=""/>
	</CDef>
	<CDef Name="Calendar Events" Active="1" AdminOnly="0" AllowAdd="1" AllowCalendarEvents="0" AllowContentChildTool="0" AllowContentTracking="1" AllowDelete="1" AllowMetaContent="0" AllowTopicRules="0" AllowWorkflowAuthoring="0" AuthoringDataSourceName="Default" AuthoringTableName="ccCalendarEvents" ContentDataSourceName="Default" ContentTableName="ccCalendarEvents" DefaultSortMethod="By Name" DeveloperOnly="0" DropDownFieldList="NAME" EditorGroupName="" Parent="">
		<Field Name="Name" active="1" AdminOnly="0" Authorable="1" Caption="Name" DeveloperOnly="0" EditSortPriority="1000" FieldType="text" HTMLContent="0" IndexColumn="1" IndexSortDirection="" IndexSortOrder="1" IndexWidth="30" LookupContent="" NotEditable="0" Password="0" ReadOnly="0" RedirectContent="" RedirectID="" RedirectPath="" Required="1" TextBuffered="0" UniqueName="0" DefaultValue="" RSSTitleField="0" RSSDescriptionField="0" MemberSelectGroupID="0" EditTab="" Scramble="0" LookupList="" ManyToManyContent="" ManyToManyRuleContent="" ManyToManyRulePrimaryField="" ManyToManyRuleSecondaryField="" HelpMessage=""/>
		<Field Name="StartDate" active="1" AdminOnly="0" Authorable="1" Caption="Start Date" DeveloperOnly="0" EditSortPriority="1010" FieldType="5" HTMLContent="0" IndexColumn="1" IndexSortDirection="" IndexSortOrder="2" IndexWidth="20" LookupContent="" NotEditable="0" Password="0" ReadOnly="0" RedirectContent="" RedirectID="" RedirectPath="" Required="0" TextBuffered="0" UniqueName="0" DefaultValue="" RSSTitleField="0" RSSDescriptionField="0" MemberSelectGroupID="0" EditTab="" Scramble="0" LookupList="" ManyToManyContent="" ManyToManyRuleContent="" ManyToManyRulePrimaryField="" ManyToManyRuleSecondaryField="" HelpMessage=""/>
		<Field Name="StartTime" active="1" AdminOnly="0" Authorable="0" Caption="Start Time" DeveloperOnly="0" EditSortPriority="1020" FieldType="5" HTMLContent="0" IndexColumn="99" IndexSortDirection="" IndexSortOrder="0" IndexWidth="0" LookupContent="" NotEditable="0" Password="0" ReadOnly="0" RedirectContent="" RedirectID="" RedirectPath="" Required="0" TextBuffered="0" UniqueName="0" DefaultValue="" RSSTitleField="0" RSSDescriptionField="0" MemberSelectGroupID="0" EditTab="" Scramble="0" LookupList="" ManyToManyContent="" ManyToManyRuleContent="" ManyToManyRulePrimaryField="" ManyToManyRuleSecondaryField="" HelpMessage=""/>
		<Field Name="EndDate" active="1" AdminOnly="0" Authorable="1" Caption="End Date" DeveloperOnly="0" EditSortPriority="1030" FieldType="5" HTMLContent="0" IndexColumn="2" IndexSortDirection="" IndexSortOrder="3" IndexWidth="20" LookupContent="" NotEditable="0" Password="0" ReadOnly="0" RedirectContent="" RedirectID="" RedirectPath="" Required="0" TextBuffered="0" UniqueName="0" DefaultValue="" RSSTitleField="0" RSSDescriptionField="0" MemberSelectGroupID="0" EditTab="" Scramble="0" LookupList="" ManyToManyContent="" ManyToManyRuleContent="" ManyToManyRulePrimaryField="" ManyToManyRuleSecondaryField="" HelpMessage=""/>
		<Field Name="EndTime" active="1" AdminOnly="0" Authorable="0" Caption="End Time" DeveloperOnly="0" EditSortPriority="1040" FieldType="5" HTMLContent="0" IndexColumn="99" IndexSortDirection="" IndexSortOrder="0" IndexWidth="0" LookupContent="" NotEditable="0" Password="0" ReadOnly="0" RedirectContent="" RedirectID="" RedirectPath="" Required="0" TextBuffered="0" UniqueName="0" DefaultValue="" RSSTitleField="0" RSSDescriptionField="0" MemberSelectGroupID="0" EditTab="" Scramble="0" LookupList="" ManyToManyContent="" ManyToManyRuleContent="" ManyToManyRulePrimaryField="" ManyToManyRuleSecondaryField="" HelpMessage=""/>
		<Field Name="ContentRecordKey" active="1" AdminOnly="1" Authorable="0" Caption="ContentID.RecordID" DeveloperOnly="1" EditSortPriority="1100" FieldType="2" HTMLContent="0" IndexColumn="99" IndexSortDirection="" IndexSortOrder="0" IndexWidth="0" LookupContent="" NotEditable="0" Password="0" ReadOnly="0" RedirectContent="" RedirectID="" RedirectPath="" Required="0" TextBuffered="0" UniqueName="0" DefaultValue="" RSSTitleField="0" RSSDescriptionField="0" MemberSelectGroupID="0" EditTab="" Scramble="0" LookupList="" ManyToManyContent="" ManyToManyRuleContent="" ManyToManyRulePrimaryField="" ManyToManyRuleSecondaryField="" HelpMessage=""/>
		<Field Name="CopyFilename" active="1" AdminOnly="0" Authorable="1" Caption="Details View Copy" DeveloperOnly="0" EditSortPriority="2090" FieldType="10" HTMLContent="1" IndexColumn="99" IndexSortDirection="" IndexSortOrder="0" IndexWidth="0" LookupContent="" NotEditable="0" Password="0" ReadOnly="0" RedirectContent="" RedirectID="" RedirectPath="" Required="0" TextBuffered="0" UniqueName="0" DefaultValue="" RSSTitleField="0" RSSDescriptionField="0" MemberSelectGroupID="0" EditTab="" Scramble="0" LookupList="" ManyToManyContent="" ManyToManyRuleContent="" ManyToManyRulePrimaryField="" ManyToManyRuleSecondaryField="" HelpMessage=""/>
		<Field Name="BriefFilename" active="1" AdminOnly="0" Authorable="1" Caption="Day View Copy" DeveloperOnly="0" EditSortPriority="2089" FieldType="10" HTMLContent="1" IndexColumn="99" IndexSortDirection="" IndexSortOrder="0" IndexWidth="0" LookupContent="" NotEditable="0" Password="0" ReadOnly="0" RedirectContent="" RedirectID="" RedirectPath="" Required="0" TextBuffered="0" UniqueName="0" DefaultValue="" RSSTitleField="0" RSSDescriptionField="0" MemberSelectGroupID="0" EditTab="" Scramble="0" LookupList="" ManyToManyContent="" ManyToManyRuleContent="" ManyToManyRulePrimaryField="" ManyToManyRuleSecondaryField="" HelpMessage=""/>
		<Field Name="OrganizationID" active="1" AdminOnly="0" Authorable="0" Caption="Organization" DeveloperOnly="0" EditSortPriority="2100" FieldType="7" HTMLContent="0" IndexColumn="99" IndexSortDirection="" IndexSortOrder="0" IndexWidth="0" LookupContent="Organizations" NotEditable="0" Password="0" ReadOnly="0" RedirectContent="" RedirectID="" RedirectPath="" Required="0" TextBuffered="0" UniqueName="0" DefaultValue="" RSSTitleField="0" RSSDescriptionField="0" MemberSelectGroupID="0" EditTab="" Scramble="0" LookupList="" ManyToManyContent="" ManyToManyRuleContent="" ManyToManyRulePrimaryField="" ManyToManyRuleSecondaryField="" HelpMessage=""/>
		<Field Name="MemberID" active="1" AdminOnly="0" Authorable="0" Caption="Member" DeveloperOnly="0" EditSortPriority="2110" FieldType="7" HTMLContent="0" IndexColumn="99" IndexSortDirection="" IndexSortOrder="0" IndexWidth="0" LookupContent="Members" NotEditable="0" Password="0" ReadOnly="0" RedirectContent="" RedirectID="" RedirectPath="" Required="0" TextBuffered="0" UniqueName="0" DefaultValue="" RSSTitleField="0" RSSDescriptionField="0" MemberSelectGroupID="0" EditTab="" Scramble="0" LookupList="" ManyToManyContent="" ManyToManyRuleContent="" ManyToManyRulePrimaryField="" ManyToManyRuleSecondaryField="" HelpMessage=""/>
		<Field Name="PageID" active="1" AdminOnly="0" Authorable="0" Caption="Content Page" DeveloperOnly="0" EditSortPriority="1100" FieldType="7" HTMLContent="0" IndexColumn="99" IndexSortDirection="" IndexSortOrder="0" IndexWidth="0" LookupContent="Page Content" NotEditable="0" Password="0" ReadOnly="0" RedirectContent="" RedirectID="" RedirectPath="" Required="0" TextBuffered="0" UniqueName="0" DefaultValue="" RSSTitleField="0" RSSDescriptionField="0" MemberSelectGroupID="0" EditTab="" Scramble="0" LookupList="" ManyToManyContent="" ManyToManyRuleContent="" ManyToManyRulePrimaryField="" ManyToManyRuleSecondaryField="" HelpMessage=""/>
		<Field Name="EventLink" active="True" AdminOnly="False" Authorable="1" Caption="Event URL" DeveloperOnly="False" EditSortPriority="1200" FieldType="Link" HTMLContent="0" IndexColumn="99" IndexSortDirection="" IndexSortOrder="0" IndexWidth="0" LookupContent="" NotEditable="0" Password="False" ReadOnly="False" RedirectContent="" RedirectID="" RedirectPath="" Required="False" TextBuffered="False" UniqueName="0" DefaultValue="" RSSTitleField="0" RSSDescriptionField="0" MemberSelectGroupID="0" EditTab="" Scramble="0" LookupList="" ManyToManyContent="" ManyToManyRuleContent="" ManyToManyRulePrimaryField="" ManyToManyRuleSecondaryField="" HelpMessage="" IsBaseField=""/>
		<Field Name="CalendarHolder" active="True" AdminOnly="False" Authorable="True" Caption="Include On Calendar(s)" DeveloperOnly="False" EditSortPriority="500" FieldType="14" HTMLContent="False" IndexColumn="-1" IndexSortDirection="0" IndexSortOrder="0" IndexWidth="0" LookupContent="" NotEditable="False" Password="False" ReadOnly="False" RedirectContent="" RedirectID="" RedirectPath="" Required="False" TextBuffered="False" UniqueName="False" DefaultValue="" RSSTitleField="False" RSSDescriptionField="False" MemberSelectGroupID="0" EditTab="Calendar" Scramble="False" LookupList="" ManyToManyContent="Calendars" ManyToManyRuleContent="Calendar Event Rules" ManyToManyRulePrimaryField="CalendarEventID" ManyToManyRuleSecondaryField="CalendarID" HelpMessage=""/>
		<Field Name="Repeats" active="True" AdminOnly="False" Authorable="True" Caption="Repeats" DeveloperOnly="False" EditSortPriority="100" FieldType="Lookup" HTMLContent="False" IndexColumn="" IndexSortDirection="" IndexSortOrder="" IndexWidth="" RedirectID="" RedirectPath="" Required="False" TextBuffered="False" UniqueName="False" DefaultValue="" RSSTitle="False" RSSDescription="False" MemberSelectGroupID="" EditTab="Recurring Event" Scramble="False" LookupList="Daily,Weekly,Monthly,Yearly" NotEditable="False" Password="False" ReadOnly="False" ManyToManyRulePrimaryField="" ManyToManyRuleSecondaryField="" IsModified="True" IsBaseField="False" LookupContent="" RedirectContent="" ManyToManyContent="" ManyToManyRuleContent=""></Field>
		<Field Name="RepeatStart" active="True" AdminOnly="False" Authorable="True" Caption="Start" DeveloperOnly="False" EditSortPriority="150" FieldType="Date" HTMLContent="False" IndexColumn="" IndexSortDirection="" IndexSortOrder="" IndexWidth="" RedirectID="" RedirectPath="" Required="False" TextBuffered="False" UniqueName="False" DefaultValue="" RSSTitle="False" RSSDescription="False" MemberSelectGroupID="" EditTab="Recurring Event" Scramble="False" LookupList="" NotEditable="False" Password="False" ReadOnly="False" ManyToManyRulePrimaryField="" ManyToManyRuleSecondaryField="" IsModified="True" IsBaseField="False" LookupContent="" RedirectContent="" ManyToManyContent="" ManyToManyRuleContent=""></Field>
		<Field Name="RepeatEnd" active="True" AdminOnly="False" Authorable="True" Caption="End" DeveloperOnly="False" EditSortPriority="200" FieldType="Date" HTMLContent="False" IndexColumn="" IndexSortDirection="" IndexSortOrder="" IndexWidth="" RedirectID="" RedirectPath="" Required="False" TextBuffered="False" UniqueName="False" DefaultValue="" RSSTitle="False" RSSDescription="False" MemberSelectGroupID="" EditTab="Recurring Event" Scramble="False" LookupList="" NotEditable="False" Password="False" ReadOnly="False" ManyToManyRulePrimaryField="" ManyToManyRuleSecondaryField="" IsModified="True" IsBaseField="False" LookupContent="" RedirectContent="" ManyToManyContent="" ManyToManyRuleContent=""></Field>
		<Field Name="ParentCalendarEventID" active="True" AdminOnly="False" Authorable="True" Caption="Parent" DeveloperOnly="True" EditSortPriority="300" FieldType="Lookup" HTMLContent="False" IndexColumn="" IndexSortDirection="" IndexSortOrder="" IndexWidth="" RedirectID="" RedirectPath="" Required="False" TextBuffered="False" UniqueName="False" DefaultValue="" RSSTitle="False" RSSDescription="False" MemberSelectGroupID="" EditTab="Recurring Event" Scramble="False" LookupList="" NotEditable="False" Password="False" ReadOnly="False" ManyToManyRulePrimaryField="" ManyToManyRuleSecondaryField="" IsModified="True" IsBaseField="False" LookupContent="Calendar Events" RedirectContent="" ManyToManyContent="" ManyToManyRuleContent=""></Field>
		<Field Name="calendarDate" active="True" AdminOnly="False" Authorable="True" Caption="Calendar Date" DeveloperOnly="True" EditSortPriority="310" FieldType="Date" HTMLContent="False" IndexColumn="0" IndexSortDirection="" IndexSortOrder="0" IndexWidth="" RedirectID="" RedirectPath="" Required="False" TextBuffered="False" UniqueName="False" DefaultValue="" RSSTitle="False" RSSDescription="False" MemberSelectGroupID="0" EditTab="Recurring Event" Scramble="False" LookupList="" NotEditable="False" Password="False" ReadOnly="False" ManyToManyRulePrimaryField="" ManyToManyRuleSecondaryField="" IsModified="False" IsBaseField="False" LookupContent="" RedirectContent="" ManyToManyContent="" ManyToManyRuleContent=""></Field>
		<Field Name="startCheckOn" active="True" AdminOnly="False" Authorable="True" Caption="Start Check On" DeveloperOnly="True" EditSortPriority="330" FieldType="Date" HTMLContent="False" IndexColumn="0" IndexSortDirection="" IndexSortOrder="0" IndexWidth="" RedirectID="" RedirectPath="" Required="False" TextBuffered="False" UniqueName="False" DefaultValue="" RSSTitle="False" RSSDescription="False" MemberSelectGroupID="0" EditTab="Recurring Event" Scramble="False" LookupList="" NotEditable="False" Password="False" ReadOnly="False" ManyToManyRulePrimaryField="" ManyToManyRuleSecondaryField="" IsModified="False" IsBaseField="False" LookupContent="" RedirectContent="" ManyToManyContent="" ManyToManyRuleContent=""></Field>
	</CDef>
	<CDef Name="Calendar Event Rules" Active="1" AdminOnly="0" AllowAdd="1" AllowCalendarEvents="0" AllowContentChildTool="0" AllowContentTracking="0" AllowDelete="1" AllowMetaContent="0" AllowTopicRules="0" AllowWorkflowAuthoring="0" AuthoringDataSourceName="Default" AuthoringTableName="ccCalendarEventRules" ContentDataSourceName="Default" ContentTableName="ccCalendarEventRules" DefaultSortMethod="By Name" DeveloperOnly="0" DropDownFieldList="NAME" EditorGroupName="" Parent="">
		<Field Name="CalendarID" active="1" AdminOnly="0" Authorable="1" Caption="Calendar" DeveloperOnly="0" EditSortPriority="1000" FieldType="7" HTMLContent="0" IndexColumn="0" IndexSortDirection="" IndexSortOrder="0" IndexWidth="50" LookupContent="Calendars" NotEditable="0" Password="0" ReadOnly="0" RedirectContent="" RedirectID="" RedirectPath="" Required="0" TextBuffered="0" UniqueName="0" DefaultValue="" RSSTitleField="0" RSSDescriptionField="0" MemberSelectGroupID="0" EditTab="" Scramble="0" LookupList="" ManyToManyContent="" ManyToManyRuleContent="" ManyToManyRulePrimaryField="" ManyToManyRuleSecondaryField="" HelpMessage=""/>
		<Field Name="CalendarEventID" active="1" AdminOnly="0" Authorable="1" Caption="Calendar Event" DeveloperOnly="0" EditSortPriority="1010" FieldType="7" HTMLContent="0" IndexColumn="1" IndexSortDirection="" IndexSortOrder="1" IndexWidth="50" LookupContent="Calendar Events" NotEditable="0" Password="0" ReadOnly="0" RedirectContent="" RedirectID="" RedirectPath="" Required="0" TextBuffered="0" UniqueName="0" DefaultValue="" RSSTitleField="0" RSSDescriptionField="0" MemberSelectGroupID="0" EditTab="" Scramble="0" LookupList="" ManyToManyContent="" ManyToManyRuleContent="" ManyToManyRulePrimaryField="" ManyToManyRuleSecondaryField="" HelpMessage=""/>
	</CDef>
</ContensiveCDef>
</Collection>